experiment_name,metric,noise_reduction_pct,correlation,outliers_removed
cpu_stress,ReadBytes,50.03306270960412,0.999580980039298,170
IO pressure,ReadBytes,0.1738359083087031,0.9951853209903422,73
mem_stress,ReadBytes,49.665954136080295,0.9987293283380281,368
net_loss,ReadBytes,38.65447966708032,0.952707172101614,158
baseline,WriteBytes,-26.746880972740243,0.5575439240029173,79
cpu_stress,WriteBytes,28.888169731437024,0.9446776744070312,145
IO pressure,WriteBytes,0.2734666747125775,0.9941313062588303,115
mem_stress,WriteBytes,4.185740612137809,0.9290762396580217,106
net_loss,WriteBytes,38.6598805492845,0.9526491857882151,158
