experiment_name,metric,noise_reduction_pct,correlation,outliers_removed
cache_filling,ReadBytes,40.478957606091285,0.970133094110899,221
gc_stress,ReadBytes,45.600476857153545,0.9668193734035859,257
oom,ReadBytes,50.01341219477325,0.9999488868504446,129
threadfull,ReadBytes,48.97142894598224,0.9950046413132139,134
baseline,WriteBytes,28.583470389554993,0.9500873574142946,79
cache_filling,WriteBytes,38.844088979479736,0.963674447121422,148
gc_stress,WriteBytes,45.0665684800624,0.9645218160929768,171
oom,WriteBytes,45.21484401719967,0.9652714719901646,214
threadfull,WriteBytes,48.6479492049976,0.9931403589421233,85
