experiment_name,metric,noise_reduction_pct,correlation,outliers_removed
cache_filling,ReadBytes,41.35507150790425,0.9665637401206372,122
gc_stress,ReadBytes,41.673555853520696,0.9815889855347595,177
oom,ReadBytes,49.57946628434398,0.9980180090266259,260
threadfull,ReadBytes,49.87125017775324,0.9962717691562023,26
baseline,WriteBytes,29.15835086558077,0.9472179136691675,163
cache_filling,WriteBytes,43.19925851140408,0.9611461106991659,218
gc_stress,WriteBytes,33.87888018520574,0.8671706407061383,149
oom,WriteBytes,27.204270561272164,0.9773987536161342,199
threadfull,WriteBytes,34.14096714827792,0.9250722350035558,239
