experiment_name,metric,noise_reduction_pct,correlation,outliers_removed
cache_filling,ReadBytes,40.22381016259226,0.968945056308656,102
gc_stress,ReadBytes,43.72691707602666,0.9687998553292166,109
oom,ReadBytes,49.957384116866166,0.9996684573339703,199
threadfull,ReadBytes,48.839733053366565,0.9941047920444223,70
baseline,WriteBytes,26.288122460233343,0.9549907686480802,39
cache_filling,WriteBytes,39.07997076421964,0.9641039286002442,126
gc_stress,WriteBytes,44.01955328813173,0.9682314367584246,129
oom,WriteBytes,42.57380791465785,0.9595752256668884,145
threadfull,WriteBytes,48.709106477277494,0.9936353829621967,78
