experiment_name,metric,noise_reduction_pct,correlation,outliers_removed
cache_filling,ReadBytes,42.783052938380656,0.9651251951647909,102
gc_stress,ReadBytes,45.13033697600625,0.9770218299644239,109
oom,ReadBytes,50.01418328817587,0.9999184227140666,241
threadfull,ReadBytes,49.11756509139099,0.9945457143041173,70
baseline,WriteBytes,28.97588365454253,0.9462127091933984,39
cache_filling,WriteBytes,43.376010998584526,0.9692518953149586,126
gc_stress,WriteBytes,45.32661645277769,0.9782071025351713,129
oom,WriteBytes,44.32244628593868,0.9679545733060748,145
threadfull,WriteBytes,49.12182007476912,0.9947172886888432,78
