experiment_name,metric,noise_reduction_pct,correlation,outliers_removed
cache_filling,ReadBytes,41.195747673778286,0.9668033443398486,122
gc_stress,ReadBytes,41.84987361673025,0.983733393972985,177
oom,ReadBytes,49.56098245655113,0.9979422413350346,260
threadfull,ReadBytes,49.87125017775324,0.9962717691562023,26
baseline,WriteBytes,28.778725642124613,0.9492835660698816,163
cache_filling,WriteBytes,42.70693411863942,0.9594461104733253,218
gc_stress,WriteBytes,33.32516782825884,0.8633234185967662,149
oom,WriteBytes,27.32003136313222,0.9774445980947707,199
threadfull,WriteBytes,34.247631199925735,0.9232493705179889,239
