experiment_name,metric,noise_reduction_pct,correlation,outliers_removed
cache_filling,ReadBytes,41.23047000942774,0.9695906745871917,231
gc_stress,ReadBytes,47.533407732511044,0.9865004299185138,180
oom,ReadBytes,49.69777971401199,0.9984045345759004,262
threadfull,ReadBytes,49.890497643427125,0.9976226978260045,26
baseline,WriteBytes,28.778725642124613,0.9492835660698816,163
cache_filling,WriteBytes,42.70693411863942,0.9594461104733253,218
gc_stress,WriteBytes,33.32516782825884,0.8633234185967662,149
oom,WriteBytes,27.32003136313222,0.9774445980947707,199
threadfull,WriteBytes,34.247631199925735,0.9232493705179889,239
