{
  "timestamp": "20250730_115211",
  "parameters": {
    "experiment_name": "Test_Seq30_Baseline",
    "seq_len": 30,
    "lstm1_units": 32,
    "lstm2_units": 16,
    "dropout_rate": 0.3,
    "learning_rate": 0.0005,
    "epochs": 50,
    "batch_size": 8,
    "patience": 5,
    "class_weight_ratio": 5.0,
    "train_ratio": 0.6,
    "val_ratio": 0.25,
    "num_features": 8,
    "train_samples": 4920,
    "val_samples": 2050,
    "test_samples": 1231
  },
  "metrics": {
    "f1_score": 0.654643823264202,
    "recall": 0.7076023391812866,
    "precision": 0.6090604026845637,
    "roc_auc": 0.7907931388359478,
    "best_threshold": 0.5,
    "final_train_loss": 0.6249097585678101,
    "final_val_loss": 0.8583762645721436,
    "epochs_trained": 7
  },
  "training_history": {
    "loss": [
      1.0832124948501587,
      0.9275336265563965,
      0.8371771574020386,
      0.7764125466346741,
      0.7071490287780762,
      0.6682300567626953,
      0.6249097585678101
    ],
    "val_loss": [
      0.6386069059371948,
      0.5683282613754272,
      0.8990219831466675,
      0.7284464240074158,
      0.7443409562110901,
      0.906191349029541,
      0.8583762645721436
    ],
    "accuracy": [
      0.6067073345184326,
      0.6810975670814514,
      0.7006097435951233,
      0.7233740091323853,
      0.7508130073547363,
      0.7646341323852539,
      0.7727642059326172
    ],
    "val_accuracy": [
      0.6507316827774048,
      0.7239024639129639,
      0.4668292701244354,
      0.6282926797866821,
      0.6326829195022583,
      0.5678048729896545,
      0.6039024591445923
    ]
  },
  "plots_path": "lstm_experiments/plots_20250730_115209.png"
}