{
  "timestamp": "20250730_125704",
  "parameters": {
    "experiment_name": "10",
    "seq_len": 40,
    "lstm1_units": 32,
    "lstm2_units": 16,
    "dropout_rate": 0.35,
    "learning_rate": 0.0005,
    "epochs": 50,
    "batch_size": 32,
    "patience": 5,
    "class_weight_ratio": 5.0,
    "train_ratio": 0.6,
    "val_ratio": 0.25,
    "num_features": 8,
    "train_samples": 4914,
    "val_samples": 2048,
    "test_samples": 1229
  },
  "metrics": {
    "f1_score": 0.6661211129296236,
    "recall": 0.7964774951076321,
    "precision": 0.5724331926863573,
    "roc_auc": 0.7941471471635169,
    "best_threshold": 0.4,
    "final_train_loss": 0.8179481625556946,
    "final_val_loss": 0.7637238502502441,
    "epochs_trained": 6
  },
  "training_history": {
    "loss": [
      1.2054072618484497,
      0.9676986932754517,
      0.915449321269989,
      0.8906195163726807,
      0.8525615334510803,
      0.8179481625556946
    ],
    "val_loss": [
      0.6053836941719055,
      0.6560478806495667,
      0.822481632232666,
      0.680218517780304,
      0.6990519762039185,
      0.7637238502502441
    ],
    "accuracy": [
      0.5358160138130188,
      0.6998372077941895,
      0.7197802066802979,
      0.7346357107162476,
      0.7279202342033386,
      0.7336182594299316
    ],
    "val_accuracy": [
      0.7421875,
      0.71044921875,
      0.66845703125,
      0.6708984375,
      0.669921875,
      0.63916015625
    ]
  },
  "plots_path": "lstm_experiments/plots_20250730_125703.png"
}