{
  "timestamp": "20250730_130122",
  "parameters": {
    "experiment_name": "11",
    "seq_len": 30,
    "lstm1_units": 16,
    "lstm2_units": 8,
    "dropout_rate": 0.35,
    "learning_rate": 0.0003,
    "epochs": 50,
    "batch_size": 32,
    "patience": 5,
    "class_weight_ratio": 5.0,
    "train_ratio": 0.6,
    "val_ratio": 0.25,
    "num_features": 8,
    "train_samples": 4920,
    "val_samples": 2050,
    "test_samples": 1231
  },
  "metrics": {
    "f1_score": 0.6656076250992852,
    "recall": 0.8167641325536062,
    "precision": 0.561662198391421,
    "roc_auc": 0.8025704930850803,
    "best_threshold": 0.4,
    "final_train_loss": 0.8096286654472351,
    "final_val_loss": 0.7009602785110474,
    "epochs_trained": 13
  },
  "training_history": {
    "loss": [
      1.5039985179901123,
      1.1990857124328613,
      1.0555474758148193,
      0.9936293363571167,
      0.9659271836280823,
      0.9418526291847229,
      0.9311368465423584,
      0.9105120301246643,
      0.9059492945671082,
      0.8755781054496765,
      0.852100133895874,
      0.8375592231750488,
      0.8096286654472351
    ],
    "val_loss": [
      0.9393689632415771,
      0.7755998969078064,
      0.6511629223823547,
      0.7220146059989929,
      0.7238911390304565,
      0.6585001945495605,
      0.6943804621696472,
      0.621433675289154,
      0.7257142066955566,
      0.7863137722015381,
      0.6384434700012207,
      0.6548171043395996,
      0.7009602785110474
    ],
    "accuracy": [
      0.40691056847572327,
      0.5221544504165649,
      0.654674768447876,
      0.6918699145317078,
      0.7042682766914368,
      0.7217479944229126,
      0.73008131980896,
      0.7247967720031738,
      0.7207317352294922,
      0.725203275680542,
      0.7268292903900146,
      0.7262195348739624,
      0.7321138381958008
    ],
    "val_accuracy": [
      0.3351219594478607,
      0.5585365891456604,
      0.6917073130607605,
      0.6531707048416138,
      0.6702439188957214,
      0.6960975527763367,
      0.6741463541984558,
      0.7112194895744324,
      0.6585366129875183,
      0.6073170900344849,
      0.673658549785614,
      0.6951219439506531,
      0.6585366129875183
    ]
  },
  "plots_path": "lstm_experiments/plots_20250730_130120.png"
}