{
  "timestamp": "20250730_130449",
  "parameters": {
    "experiment_name": "12",
    "seq_len": 25,
    "lstm1_units": 16,
    "lstm2_units": 8,
    "dropout_rate": 0.35,
    "learning_rate": 0.0002,
    "epochs": 50,
    "batch_size": 32,
    "patience": 5,
    "class_weight_ratio": 5.0,
    "train_ratio": 0.6,
    "val_ratio": 0.25,
    "num_features": 8,
    "train_samples": 4923,
    "val_samples": 2052,
    "test_samples": 1231
  },
  "metrics": {
    "f1_score": 0.6545981173062998,
    "recall": 0.8810916179337231,
    "precision": 0.5207373271889401,
    "roc_auc": 0.7801234748896382,
    "best_threshold": 0.4,
    "final_train_loss": 0.9561722278594971,
    "final_val_loss": 0.7060559988021851,
    "epochs_trained": 13
  },
  "training_history": {
    "loss": [
      1.7509218454360962,
      1.4221504926681519,
      1.2994779348373413,
      1.1917273998260498,
      1.135068416595459,
      1.085953712463379,
      1.0537031888961792,
      1.0111267566680908,
      1.0004572868347168,
      0.9879123568534851,
      0.9818195104598999,
      0.9595454335212708,
      0.9561722278594971
    ],
    "val_loss": [
      0.8146828413009644,
      0.9967239499092102,
      0.9063977003097534,
      0.8102593421936035,
      0.7593275308609009,
      0.775802731513977,
      0.7387623190879822,
      0.6520111560821533,
      0.7039452791213989,
      0.7076022624969482,
      0.7038205862045288,
      0.7426313757896423,
      0.7060559988021851
    ],
    "accuracy": [
      0.41031891107559204,
      0.4074751138687134,
      0.41844403743743896,
      0.4848669469356537,
      0.5644931793212891,
      0.6069470047950745,
      0.640056848526001,
      0.6664635539054871,
      0.6859638690948486,
      0.695713996887207,
      0.6946983337402344,
      0.7068860530853271,
      0.7016047239303589
    ],
    "val_accuracy": [
      0.3347953259944916,
      0.3347953259944916,
      0.3591617941856384,
      0.4527290463447571,
      0.5175438523292542,
      0.5560429096221924,
      0.6057505011558533,
      0.6666666865348816,
      0.6559454202651978,
      0.6603313684463501,
      0.6608186960220337,
      0.6525341272354126,
      0.6637426614761353
    ]
  },
  "plots_path": "lstm_experiments/plots_20250730_130448.png"
}