{
  "timestamp": "20250730_130623",
  "parameters": {
    "experiment_name": "13",
    "seq_len": 25,
    "lstm1_units": 16,
    "lstm2_units": 8,
    "dropout_rate": 0.35,
    "learning_rate": 0.0002,
    "epochs": 50,
    "batch_size": 32,
    "patience": 5,
    "class_weight_ratio": 3.0,
    "train_ratio": 0.6,
    "val_ratio": 0.25,
    "num_features": 8,
    "train_samples": 4923,
    "val_samples": 2052,
    "test_samples": 1231
  },
  "metrics": {
    "f1_score": 0.6693811074918566,
    "recall": 0.8011695906432749,
    "precision": 0.5748251748251748,
    "roc_auc": 0.8005315827482664,
    "best_threshold": 0.30000000000000004,
    "final_train_loss": 0.7504081130027771,
    "final_val_loss": 0.5211042761802673,
    "epochs_trained": 20
  },
  "training_history": {
    "loss": [
      1.1948784589767456,
      1.09506356716156,
      0.9701266884803772,
      0.9123831391334534,
      0.8862009048461914,
      0.8571740984916687,
      0.8396638035774231,
      0.8223835825920105,
      0.8123917579650879,
      0.8082137107849121,
      0.7882345914840698,
      0.7792377471923828,
      0.7800589799880981,
      0.7666360139846802,
      0.7647958993911743,
      0.7623218894004822,
      0.7522407174110413,
      0.7558018565177917,
      0.7483572363853455,
      0.7504081130027771
    ],
    "val_loss": [
      0.786565363407135,
      0.728556752204895,
      0.648209810256958,
      0.6075853705406189,
      0.6292649507522583,
      0.6076027154922485,
      0.5483478903770447,
      0.5484511256217957,
      0.5328351259231567,
      0.5515915155410767,
      0.5928987860679626,
      0.5929669737815857,
      0.5604364275932312,
      0.5327849388122559,
      0.5004425048828125,
      0.5904449820518494,
      0.5829666256904602,
      0.5430074334144592,
      0.5540938377380371,
      0.5211042761802673
    ],
    "accuracy": [
      0.4267722964286804,
      0.4413975179195404,
      0.5923217535018921,
      0.6587446928024292,
      0.6802762746810913,
      0.6985577940940857,
      0.706073522567749,
      0.7188705801963806,
      0.7322770953178406,
      0.7381677627563477,
      0.7377615571022034,
      0.742027223110199,
      0.7426366209983826,
      0.7466991543769836,
      0.7507617473602295,
      0.7515742182731628,
      0.7558399438858032,
      0.7471054196357727,
      0.7519804835319519,
      0.7525898814201355
    ],
    "val_accuracy": [
      0.3347953259944916,
      0.4600389897823334,
      0.6418128609657288,
      0.6988304257392883,
      0.6710526347160339,
      0.6983430981636047,
      0.7446393966674805,
      0.7422027587890625,
      0.7480506896972656,
      0.7324561476707458,
      0.6988304257392883,
      0.6929824352264404,
      0.7158869504928589,
      0.7485380172729492,
      0.7675438523292542,
      0.6871345043182373,
      0.6983430981636047,
      0.738304078578949,
      0.7163742780685425,
      0.7587719559669495
    ]
  },
  "plots_path": "lstm_experiments/plots_20250730_130622.png"
}