{
  "timestamp": "20250730_131007",
  "parameters": {
    "experiment_name": "14",
    "seq_len": 25,
    "lstm1_units": 16,
    "lstm2_units": 8,
    "dropout_rate": 0.35,
    "learning_rate": 0.0002,
    "epochs": 50,
    "batch_size": 32,
    "patience": 5,
    "class_weight_ratio": 2.0,
    "train_ratio": 0.6,
    "val_ratio": 0.25,
    "num_features": 8,
    "train_samples": 4923,
    "val_samples": 2052,
    "test_samples": 1231
  },
  "metrics": {
    "f1_score": 0.6465201465201466,
    "recall": 0.6881091617933723,
    "precision": 0.6096718480138169,
    "roc_auc": 0.7894818289921647,
    "best_threshold": 0.30000000000000004,
    "final_train_loss": 0.6160370111465454,
    "final_val_loss": 0.47048890590667725,
    "epochs_trained": 13
  },
  "training_history": {
    "loss": [
      0.9215856790542603,
      0.8274334669113159,
      0.7672675251960754,
      0.7373036742210388,
      0.7112056612968445,
      0.6905922293663025,
      0.6769573092460632,
      0.6518789529800415,
      0.6465135216712952,
      0.6338609457015991,
      0.6254178285598755,
      0.6155463457107544,
      0.6160370111465454
    ],
    "val_loss": [
      0.6594557166099548,
      0.5746972560882568,
      0.5512369275093079,
      0.5359885692596436,
      0.5361340641975403,
      0.4858848750591278,
      0.4957214593887329,
      0.46634966135025024,
      0.4827004075050354,
      0.4792853593826294,
      0.48907455801963806,
      0.48069044947624207,
      0.47048890590667725
    ],
    "accuracy": [
      0.5080235600471497,
      0.6534633636474609,
      0.721308171749115,
      0.7324801683425903,
      0.7473085522651672,
      0.7544180154800415,
      0.7611212730407715,
      0.7751371264457703,
      0.7812309861183167,
      0.7861060500144958,
      0.7978874444961548,
      0.801340639591217,
      0.7944343090057373
    ],
    "val_accuracy": [
      0.5506822466850281,
      0.7573099136352539,
      0.7490253448486328,
      0.7529239654541016,
      0.7436647415161133,
      0.7748538255691528,
      0.7719298005104065,
      0.7792397737503052,
      0.7777777910232544,
      0.7772904634475708,
      0.7748538255691528,
      0.7831383943557739,
      0.7836257219314575
    ]
  },
  "plots_path": "lstm_experiments/plots_20250730_131005.png"
}