{
  "timestamp": "20250730_131326",
  "parameters": {
    "experiment_name": "15",
    "seq_len": 25,
    "lstm1_units": 16,
    "lstm2_units": 8,
    "dropout_rate": 0.35,
    "learning_rate": 0.0001,
    "epochs": 50,
    "batch_size": 32,
    "patience": 5,
    "class_weight_ratio": 2.5,
    "train_ratio": 0.6,
    "val_ratio": 0.25,
    "num_features": 8,
    "train_samples": 4923,
    "val_samples": 2052,
    "test_samples": 1231
  },
  "metrics": {
    "f1_score": 0.684068406840684,
    "recall": 0.7407407407407407,
    "precision": 0.6354515050167224,
    "roc_auc": 0.7960193737205905,
    "best_threshold": 0.4,
    "final_train_loss": 0.7045171856880188,
    "final_val_loss": 0.5325813293457031,
    "epochs_trained": 14
  },
  "training_history": {
    "loss": [
      1.086086630821228,
      1.0536255836486816,
      1.0098520517349243,
      0.9363370537757874,
      0.8524957299232483,
      0.7931676506996155,
      0.7599278688430786,
      0.7454431056976318,
      0.7380241751670837,
      0.7248436808586121,
      0.7226532101631165,
      0.7149779200553894,
      0.7100445032119751,
      0.7045171856880188
    ],
    "val_loss": [
      0.7424926161766052,
      0.7516224384307861,
      0.731263279914856,
      0.6611602902412415,
      0.5931137204170227,
      0.5627882480621338,
      0.5799795985221863,
      0.569767415523529,
      0.520323634147644,
      0.5346335172653198,
      0.5214230418205261,
      0.5394551157951355,
      0.5500322580337524,
      0.5325813293457031
    ],
    "accuracy": [
      0.399553120136261,
      0.4062563478946686,
      0.4204753339290619,
      0.5484460592269897,
      0.6619946956634521,
      0.7178549766540527,
      0.7450741529464722,
      0.7564493417739868,
      0.7562462091445923,
      0.7619338035583496,
      0.760918140411377,
      0.7603087425231934,
      0.7641682028770447,
      0.762746274471283
    ],
    "val_accuracy": [
      0.3347953259944916,
      0.3347953259944916,
      0.3669590651988983,
      0.5633528232574463,
      0.6983430981636047,
      0.7236841917037964,
      0.7149122953414917,
      0.7227095365524292,
      0.7553606033325195,
      0.7451267242431641,
      0.7607212662696838,
      0.75,
      0.7378167510032654,
      0.7509746551513672
    ]
  },
  "plots_path": "lstm_experiments/plots_20250730_131325.png"
}