{
  "timestamp": "20250730_131705",
  "parameters": {
    "experiment_name": "16",
    "seq_len": 25,
    "lstm1_units": 16,
    "lstm2_units": 8,
    "dropout_rate": 0.35,
    "learning_rate": 0.0001,
    "epochs": 50,
    "batch_size": 32,
    "patience": 5,
    "class_weight_ratio": 2.5,
    "train_ratio": 0.6,
    "val_ratio": 0.25,
    "num_features": 8,
    "train_samples": 4923,
    "val_samples": 2052,
    "test_samples": 1231
  },
  "metrics": {
    "f1_score": 0.6573080099091659,
    "recall": 0.7758284600389863,
    "precision": 0.5702005730659025,
    "roc_auc": 0.7880483474238055,
    "best_threshold": 0.30000000000000004,
    "final_train_loss": 0.7165822386741638,
    "final_val_loss": 0.525242805480957,
    "epochs_trained": 26
  },
  "training_history": {
    "loss": [
      1.1099451780319214,
      1.0721596479415894,
      1.0382798910140991,
      0.9944654703140259,
      0.9467613697052002,
      0.9135897159576416,
      0.8819833397865295,
      0.8646072149276733,
      0.8418026566505432,
      0.8262987732887268,
      0.8146910667419434,
      0.8025134205818176,
      0.8000531196594238,
      0.779191792011261,
      0.775709867477417,
      0.7680853009223938,
      0.7485732436180115,
      0.7454230785369873,
      0.7492362856864929,
      0.7408778071403503,
      0.734235405921936,
      0.7318971753120422,
      0.7249655723571777,
      0.7240234613418579,
      0.7262611985206604,
      0.7165822386741638
    ],
    "val_loss": [
      0.7127925157546997,
      0.736541211605072,
      0.7295390367507935,
      0.6942188143730164,
      0.6513451337814331,
      0.6158819794654846,
      0.5905421376228333,
      0.616716742515564,
      0.5904134511947632,
      0.6019604802131653,
      0.5693020820617676,
      0.5731302499771118,
      0.5489354133605957,
      0.5352802872657776,
      0.5423872470855713,
      0.5433081388473511,
      0.5635104179382324,
      0.5247827768325806,
      0.5329826474189758,
      0.5459585189819336,
      0.5152276754379272,
      0.5341347455978394,
      0.5441597104072571,
      0.5197976231575012,
      0.5724585056304932,
      0.525242805480957
    ],
    "accuracy": [
      0.5084298253059387,
      0.44424131512641907,
      0.4401787519454956,
      0.5124923586845398,
      0.5746496319770813,
      0.6236035227775574,
      0.6682916879653931,
      0.6841356754302979,
      0.7046516537666321,
      0.7133861184120178,
      0.7245581746101379,
      0.7276051044464111,
      0.735323965549469,
      0.742433488368988,
      0.7452772855758667,
      0.7471054196357727,
      0.7525898814201355,
      0.7536055445671082,
      0.7552305459976196,
      0.7588868737220764,
      0.7538086771965027,
      0.7552305459976196,
      0.7564493417739868,
      0.763152539730072,
      0.762746274471283,
      0.7686370015144348
    ],
    "val_accuracy": [
      0.32992202043533325,
      0.3347953259944916,
      0.348440557718277,
      0.485867440700531,
      0.6457114815711975,
      0.7115010023117065,
      0.7368420958518982,
      0.6881091594696045,
      0.7168616056442261,
      0.6963937878608704,
      0.7256335020065308,
      0.7227095365524292,
      0.7422027587890625,
      0.7514619827270508,
      0.7461013793945312,
      0.7465887069702148,
      0.7314814925193787,
      0.7582846283912659,
      0.7548732757568359,
      0.7436647415161133,
      0.764132559299469,
      0.7534112930297852,
      0.7446393966674805,
      0.7631579041481018,
      0.7236841917037964,
      0.7592592835426331
    ]
  },
  "plots_path": "lstm_experiments/plots_20250730_131704.png"
}