{
  "timestamp": "20250730_132138",
  "parameters": {
    "experiment_name": "17",
    "seq_len": 25,
    "lstm1_units": 16,
    "lstm2_units": 8,
    "dropout_rate": 0.35,
    "learning_rate": 5e-05,
    "epochs": 50,
    "batch_size": 32,
    "patience": 5,
    "class_weight_ratio": 2.0,
    "train_ratio": 0.6,
    "val_ratio": 0.25,
    "num_features": 8,
    "train_samples": 4923,
    "val_samples": 2052,
    "test_samples": 1231
  },
  "metrics": {
    "f1_score": 0.6551126516464472,
    "recall": 0.7368421052631579,
    "precision": 0.5897035881435257,
    "roc_auc": 0.7835279936144912,
    "best_threshold": 0.30000000000000004,
    "final_train_loss": 0.6430215835571289,
    "final_val_loss": 0.5150125622749329,
    "epochs_trained": 28
  },
  "training_history": {
    "loss": [
      0.998046875,
      0.9647036790847778,
      0.9476153254508972,
      0.9249818325042725,
      0.8958640694618225,
      0.8586713075637817,
      0.809922456741333,
      0.777006208896637,
      0.754027783870697,
      0.7374520897865295,
      0.7280012965202332,
      0.7200640439987183,
      0.7175388932228088,
      0.7051575779914856,
      0.6972572803497314,
      0.6909422278404236,
      0.6881906390190125,
      0.686346173286438,
      0.6828134059906006,
      0.6757046580314636,
      0.6649231910705566,
      0.6636928915977478,
      0.6645898818969727,
      0.6646258234977722,
      0.6575125455856323,
      0.6548398733139038,
      0.6478092074394226,
      0.6430215835571289
    ],
    "val_loss": [
      0.6878820657730103,
      0.6975707411766052,
      0.7020631432533264,
      0.6984344124794006,
      0.6777023673057556,
      0.6383045315742493,
      0.5951758027076721,
      0.5712952017784119,
      0.5579563975334167,
      0.5475521683692932,
      0.553618311882019,
      0.5377543568611145,
      0.532975435256958,
      0.5226354002952576,
      0.5230115056037903,
      0.5145820379257202,
      0.5303075313568115,
      0.5043887495994568,
      0.5201579332351685,
      0.5144293308258057,
      0.5093922019004822,
      0.4992620348930359,
      0.48385393619537354,
      0.5029489994049072,
      0.5055241584777832,
      0.5012203454971313,
      0.5219372510910034,
      0.5150125622749329
    ],
    "accuracy": [
      0.5813528299331665,
      0.5437741279602051,
      0.5165549516677856,
      0.5360552668571472,
      0.5616493821144104,
      0.6299004554748535,
      0.6914483308792114,
      0.724964439868927,
      0.7288239002227783,
      0.7361364960670471,
      0.743855357170105,
      0.7416209578514099,
      0.7444647550582886,
      0.7517773509025574,
      0.7564493417739868,
      0.7554336786270142,
      0.7596993446350098,
      0.7564493417739868,
      0.7603087425231934,
      0.7570586800575256,
      0.7611212730407715,
      0.7684338688850403,
      0.7637619376182556,
      0.7692463994026184,
      0.7645744681358337,
      0.7621369361877441,
      0.7672151327133179,
      0.7680276036262512
    ],
    "val_accuracy": [
      0.6208577156066895,
      0.39327484369277954,
      0.4113060534000397,
      0.44688108563423157,
      0.5297271013259888,
      0.6408382058143616,
      0.7392787337303162,
      0.7485380172729492,
      0.7504873275756836,
      0.752436637878418,
      0.7441520690917969,
      0.7538986206054688,
      0.7573099136352539,
      0.7602339386940002,
      0.7592592835426331,
      0.7631579041481018,
      0.7573099136352539,
      0.7694931626319885,
      0.7592592835426331,
      0.761695921421051,
      0.7651072144508362,
      0.7709551453590393,
      0.7768031358718872,
      0.7714424729347229,
      0.7709551453590393,
      0.7733917832374573,
      0.7612085938453674,
      0.7655945420265198
    ]
  },
  "plots_path": "lstm_experiments/plots_20250730_132137.png"
}