{
  "timestamp": "20250730_132715",
  "parameters": {
    "experiment_name": "18",
    "seq_len": 25,
    "lstm1_units": 16,
    "lstm2_units": 8,
    "dropout_rate": 0.35,
    "learning_rate": 5e-05,
    "epochs": 50,
    "batch_size": 32,
    "patience": 5,
    "class_weight_ratio": 2.0,
    "train_ratio": 0.6,
    "val_ratio": 0.25,
    "num_features": 8,
    "train_samples": 4923,
    "val_samples": 2052,
    "test_samples": 1231
  },
  "metrics": {
    "f1_score": 0.6417021276595745,
    "recall": 0.7348927875243665,
    "precision": 0.5694864048338368,
    "roc_auc": 0.7791352413841786,
    "best_threshold": 0.30000000000000004,
    "final_train_loss": 0.6600357294082642,
    "final_val_loss": 0.49405017495155334,
    "epochs_trained": 31
  },
  "training_history": {
    "loss": [
      1.0244765281677246,
      0.9903362393379211,
      0.9641766548156738,
      0.9421136975288391,
      0.916399359703064,
      0.8902634978294373,
      0.870313286781311,
      0.8441386818885803,
      0.8196812868118286,
      0.800121009349823,
      0.7795174717903137,
      0.7662321329116821,
      0.7570205926895142,
      0.7465351223945618,
      0.737353503704071,
      0.7271339297294617,
      0.7202125787734985,
      0.7063645720481873,
      0.7085309624671936,
      0.6958686113357544,
      0.6872693300247192,
      0.686836838722229,
      0.6788025498390198,
      0.6752476692199707,
      0.6749204397201538,
      0.6693575978279114,
      0.6695072054862976,
      0.6708825826644897,
      0.6644794940948486,
      0.6548945307731628,
      0.6600357294082642
    ],
    "val_loss": [
      0.713557243347168,
      0.7091068029403687,
      0.704461395740509,
      0.6972717642784119,
      0.6861469149589539,
      0.6668229103088379,
      0.6400636434555054,
      0.6152306199073792,
      0.5927615165710449,
      0.5720228552818298,
      0.5617427825927734,
      0.5515164732933044,
      0.5373521447181702,
      0.5385746359825134,
      0.5372213125228882,
      0.522499144077301,
      0.5167479515075684,
      0.5141905546188354,
      0.5168969631195068,
      0.5052781105041504,
      0.5051906108856201,
      0.5073710680007935,
      0.517936110496521,
      0.5029754042625427,
      0.4897649586200714,
      0.48731526732444763,
      0.4996061325073242,
      0.4979397654533386,
      0.5005331039428711,
      0.4971521496772766,
      0.49405017495155334
    ],
    "accuracy": [
      0.39366239309310913,
      0.38959982991218567,
      0.41356897354125977,
      0.42331910133361816,
      0.4359130561351776,
      0.4556165039539337,
      0.5230550765991211,
      0.6036969423294067,
      0.6469632387161255,
      0.6808856129646301,
      0.7005890607833862,
      0.7154174447059631,
      0.7182612419128418,
      0.7296363711357117,
      0.7332926988601685,
      0.7357302308082581,
      0.7462928891181946,
      0.7471054196357727,
      0.7566524744033813,
      0.7596993446350098,
      0.7637619376182556,
      0.7599024772644043,
      0.7686370015144348,
      0.7637619376182556,
      0.7688401341438293,
      0.7724964618682861,
      0.7706682682037354,
      0.7692463994026184,
      0.7773715257644653,
      0.7765589952468872,
      0.7777777910232544
    ],
    "val_accuracy": [
      0.37183237075805664,
      0.334307998418808,
      0.3347953259944916,
      0.3347953259944916,
      0.3347953259944916,
      0.39181286096572876,
      0.6086744666099548,
      0.7222222089767456,
      0.75,
      0.764132559299469,
      0.7612085938453674,
      0.7597466111183167,
      0.7748538255691528,
      0.7602339386940002,
      0.7568225860595703,
      0.7685185074806213,
      0.7680311799049377,
      0.766569197177887,
      0.7592592835426331,
      0.7709551453590393,
      0.7660818696022034,
      0.7612085938453674,
      0.7490253448486328,
      0.766569197177887,
      0.7855750322341919,
      0.7855750322341919,
      0.7680311799049377,
      0.7694931626319885,
      0.764132559299469,
      0.7690058350563049,
      0.7738791704177856
    ]
  },
  "plots_path": "lstm_experiments/plots_20250730_132713.png"
}