{
  "timestamp": "20250730_134111",
  "parameters": {
    "experiment_name": "19",
    "seq_len": 25,
    "lstm1_units": 16,
    "lstm2_units": 8,
    "dropout_rate": 0.35,
    "learning_rate": 5e-05,
    "epochs": 50,
    "batch_size": 32,
    "patience": 5,
    "class_weight_ratio": 2.2,
    "train_ratio": 0.6,
    "val_ratio": 0.25,
    "num_features": 8,
    "train_samples": 4923,
    "val_samples": 2052,
    "test_samples": 1231
  },
  "metrics": {
    "f1_score": 0.6476683937823834,
    "recall": 0.7309941520467836,
    "precision": 0.5813953488372093,
    "roc_auc": 0.7849044617113815,
    "best_threshold": 0.30000000000000004,
    "final_train_loss": 0.6797325015068054,
    "final_val_loss": 0.5222511887550354,
    "epochs_trained": 36
  },
  "training_history": {
    "loss": [
      1.0319806337356567,
      1.0060338973999023,
      0.9827117919921875,
      0.9593120813369751,
      0.9328455924987793,
      0.908944308757782,
      0.8845216035842896,
      0.8620584011077881,
      0.8519784808158875,
      0.8342245817184448,
      0.8265044093132019,
      0.8154964447021484,
      0.810282826423645,
      0.7939943671226501,
      0.7896607518196106,
      0.7841787338256836,
      0.7765080332756042,
      0.7663791179656982,
      0.7617023587226868,
      0.7526769638061523,
      0.7441933155059814,
      0.7403313517570496,
      0.732018768787384,
      0.7233259677886963,
      0.7132575511932373,
      0.7152116894721985,
      0.7106025815010071,
      0.7004128098487854,
      0.7006974816322327,
      0.6958578824996948,
      0.6939589381217957,
      0.6957727074623108,
      0.6904257535934448,
      0.6856615543365479,
      0.6827442049980164,
      0.6797325015068054
    ],
    "val_loss": [
      0.6926011443138123,
      0.6992806792259216,
      0.7039664387702942,
      0.7028635740280151,
      0.6923294067382812,
      0.6687157154083252,
      0.6480564475059509,
      0.6206431984901428,
      0.6044777631759644,
      0.5963281989097595,
      0.5852124691009521,
      0.577720582485199,
      0.5707805156707764,
      0.5700938105583191,
      0.5569780468940735,
      0.5502193570137024,
      0.5341547131538391,
      0.5431284308433533,
      0.5489823222160339,
      0.5326127409934998,
      0.5291547179222107,
      0.5383755564689636,
      0.5275130867958069,
      0.5307155251502991,
      0.5211752653121948,
      0.5164677500724792,
      0.4986225962638855,
      0.5094432830810547,
      0.4925175905227661,
      0.5091469287872314,
      0.4878268539905548,
      0.49503928422927856,
      0.503962516784668,
      0.4927261471748352,
      0.509894073009491,
      0.5222511887550354
    ],
    "accuracy": [
      0.4970546364784241,
      0.46678853034973145,
      0.45277270674705505,
      0.45703840255737305,
      0.4806012511253357,
      0.5175706148147583,
      0.5850091576576233,
      0.6225878596305847,
      0.657525897026062,
      0.6747918128967285,
      0.6875888705253601,
      0.7003859281539917,
      0.7113548517227173,
      0.7200893759727478,
      0.7170424461364746,
      0.7211050391197205,
      0.7276051044464111,
      0.7404022216796875,
      0.742027223110199,
      0.7414178252220154,
      0.7450741529464722,
      0.7531992793083191,
      0.7517773509025574,
      0.7562462091445923,
      0.7615275382995605,
      0.7672151327133179,
      0.760918140411377,
      0.7653869390487671,
      0.7603087425231934,
      0.7694495320320129,
      0.7710745334625244,
      0.7684338688850403,
      0.7657932043075562,
      0.7718870639801025,
      0.7710745334625244,
      0.7684338688850403
    ],
    "val_accuracy": [
      0.4644249379634857,
      0.3552631437778473,
      0.3469785451889038,
      0.36208575963974,
      0.4356725215911865,
      0.542397677898407,
      0.6091617941856384,
      0.705165684223175,
      0.7402533888816833,
      0.7461013793945312,
      0.7568225860595703,
      0.7592592835426331,
      0.7602339386940002,
      0.7563352584838867,
      0.7612085938453674,
      0.764132559299469,
      0.7704678177833557,
      0.7587719559669495,
      0.7465887069702148,
      0.7573099136352539,
      0.7602339386940002,
      0.7495126724243164,
      0.7587719559669495,
      0.7538986206054688,
      0.7582846283912659,
      0.7626705765724182,
      0.7763158082962036,
      0.7675438523292542,
      0.7763158082962036,
      0.7699804902076721,
      0.7792397737503052,
      0.77582848072052,
      0.7709551453590393,
      0.7763158082962036,
      0.7646198868751526,
      0.7529239654541016
    ]
  },
  "plots_path": "lstm_experiments/plots_20250730_134110.png"
}