{
  "timestamp": "20250730_121825",
  "parameters": {
    "experiment_name": "Test_Seq30_Baseline2",
    "seq_len": 30,
    "lstm1_units": 32,
    "lstm2_units": 16,
    "dropout_rate": 0.4,
    "learning_rate": 0.0005,
    "epochs": 50,
    "batch_size": 32,
    "patience": 5,
    "class_weight_ratio": 5.0,
    "train_ratio": 0.6,
    "val_ratio": 0.25,
    "num_features": 8,
    "train_samples": 4920,
    "val_samples": 2050,
    "test_samples": 1231
  },
  "metrics": {
    "f1_score": 0.6837988826815642,
    "recall": 0.5964912280701754,
    "precision": 0.8010471204188482,
    "roc_auc": 0.8157650393392952,
    "best_threshold": 0.7000000000000001,
    "final_train_loss": 0.6795472502708435,
    "final_val_loss": 0.7250256538391113,
    "epochs_trained": 12
  },
  "training_history": {
    "loss": [
      1.298923373222351,
      1.0205881595611572,
      0.9729597568511963,
      0.9354040622711182,
      0.9033316969871521,
      0.8556392788887024,
      0.8093520402908325,
      0.7747889757156372,
      0.7437005043029785,
      0.7144744396209717,
      0.6816073656082153,
      0.6795472502708435
    ],
    "val_loss": [
      0.8973239660263062,
      0.7340064644813538,
      0.7402095794677734,
      0.6245081424713135,
      0.6372159719467163,
      0.6727740168571472,
      0.5657358169555664,
      0.7111912369728088,
      0.8936226963996887,
      0.6762118935585022,
      0.8028464317321777,
      0.7250256538391113
    ],
    "accuracy": [
      0.5040650367736816,
      0.6747967600822449,
      0.7089430689811707,
      0.707317054271698,
      0.7156503796577454,
      0.7207317352294922,
      0.7388211488723755,
      0.7412601709365845,
      0.7485772371292114,
      0.757317066192627,
      0.7634146213531494,
      0.7579268217086792
    ],
    "val_accuracy": [
      0.5039024353027344,
      0.6531707048416138,
      0.6321951150894165,
      0.735609769821167,
      0.6726829409599304,
      0.671219527721405,
      0.7326829433441162,
      0.6048780679702759,
      0.5341463685035706,
      0.6643902659416199,
      0.5721951127052307,
      0.6385365724563599
    ]
  },
  "plots_path": "lstm_experiments/plots_20250730_121824.png"
}