{
  "timestamp": "20250730_142315",
  "parameters": {
    "experiment_name": "19",
    "seq_len": 30,
    "lstm1_units": 16,
    "lstm2_units": 8,
    "dropout_rate": 0.35,
    "learning_rate": 5e-05,
    "epochs": 50,
    "batch_size": 32,
    "patience": 5,
    "class_weight_ratio": 2.5,
    "train_ratio": 0.6,
    "val_ratio": 0.25,
    "num_features": 8,
    "train_samples": 4920,
    "val_samples": 2050,
    "test_samples": 1231
  },
  "metrics": {
    "f1_score": 0.6629482071713148,
    "recall": 0.8109161793372319,
    "precision": 0.5606469002695418,
    "roc_auc": 0.7856782159670298,
    "best_threshold": 0.30000000000000004,
    "final_train_loss": 0.7186405062675476,
    "final_val_loss": 0.5339058637619019,
    "epochs_trained": 30
  },
  "training_history": {
    "loss": [
      1.0701810121536255,
      1.0472825765609741,
      1.0181376934051514,
      0.9841108322143555,
      0.9548418521881104,
      0.9095168113708496,
      0.881691038608551,
      0.8618676066398621,
      0.8463528752326965,
      0.8341794013977051,
      0.8233660459518433,
      0.8077894449234009,
      0.8055911660194397,
      0.7916513681411743,
      0.7863756418228149,
      0.7781888246536255,
      0.7716938257217407,
      0.7644118666648865,
      0.7546752691268921,
      0.7503474354743958,
      0.7454143166542053,
      0.7459667921066284,
      0.7343019843101501,
      0.7290696501731873,
      0.7303088307380676,
      0.7278944849967957,
      0.7229223847389221,
      0.7210385799407959,
      0.7184220552444458,
      0.7186405062675476
    ],
    "val_loss": [
      0.7230385541915894,
      0.7359926104545593,
      0.7409740686416626,
      0.7251262068748474,
      0.6919261813163757,
      0.6644285917282104,
      0.6394344568252563,
      0.629055917263031,
      0.6276585459709167,
      0.6129645705223083,
      0.6149069666862488,
      0.6086318492889404,
      0.5863662362098694,
      0.5871197581291199,
      0.5850170850753784,
      0.5671671032905579,
      0.5702273845672607,
      0.573298454284668,
      0.5620990991592407,
      0.5639194846153259,
      0.5594214200973511,
      0.5445327162742615,
      0.5340304374694824,
      0.5296006202697754,
      0.5262776613235474,
      0.5368832945823669,
      0.5395585894584656,
      0.5532584190368652,
      0.547895610332489,
      0.5339058637619019
    ],
    "accuracy": [
      0.4640243947505951,
      0.4493902325630188,
      0.46097561717033386,
      0.4821138083934784,
      0.5268292427062988,
      0.5882113575935364,
      0.6376016139984131,
      0.6707317233085632,
      0.6847561001777649,
      0.7010162472724915,
      0.7213414907455444,
      0.7215447425842285,
      0.73008131980896,
      0.7441056966781616,
      0.7410569190979004,
      0.7485772371292114,
      0.7567073106765747,
      0.7585365772247314,
      0.7601625919342041,
      0.7577235698699951,
      0.7644308805465698,
      0.7676829099655151,
      0.7666666507720947,
      0.76991868019104,
      0.7711381912231445,
      0.7719511985778809,
      0.7735772132873535,
      0.7752032279968262,
      0.7711381912231445,
      0.7727642059326172
    ],
    "val_accuracy": [
      0.36097562313079834,
      0.3697561025619507,
      0.3848780393600464,
      0.42146340012550354,
      0.49121952056884766,
      0.5970731973648071,
      0.6980487704277039,
      0.733170747756958,
      0.740487813949585,
      0.7565853595733643,
      0.7482926845550537,
      0.7507317066192627,
      0.7624390125274658,
      0.7590243816375732,
      0.7575609683990479,
      0.7678048610687256,
      0.7639024257659912,
      0.757073163986206,
      0.7653658390045166,
      0.7604877948760986,
      0.7624390125274658,
      0.7780487537384033,
      0.7839024662971497,
      0.7868292927742004,
      0.7868292927742004,
      0.774146318435669,
      0.769268274307251,
      0.7560975551605225,
      0.7590243816375732,
      0.7702438831329346
    ]
  },
  "plots_path": "lstm_experiments/plots_20250730_142314.png"
}