{
  "timestamp": "20250730_122202",
  "parameters": {
    "experiment_name": "Test_Seq30_Baseline3",
    "seq_len": 30,
    "lstm1_units": 32,
    "lstm2_units": 16,
    "dropout_rate": 0.4,
    "learning_rate": 0.0005,
    "epochs": 50,
    "batch_size": 32,
    "patience": 5,
    "class_weight_ratio": 7.0,
    "train_ratio": 0.6,
    "val_ratio": 0.25,
    "num_features": 8,
    "train_samples": 4920,
    "val_samples": 2050,
    "test_samples": 1231
  },
  "metrics": {
    "f1_score": 0.6269430051813472,
    "recall": 0.47173489278752434,
    "precision": 0.9343629343629344,
    "roc_auc": 0.763719884669892,
    "best_threshold": 0.8,
    "final_train_loss": 0.8352073431015015,
    "final_val_loss": 0.8406752943992615,
    "epochs_trained": 9
  },
  "training_history": {
    "loss": [
      1.4954230785369873,
      1.2267268896102905,
      1.1367233991622925,
      1.0711170434951782,
      1.0052448511123657,
      0.9354977607727051,
      0.8864058256149292,
      0.8745040893554688,
      0.8352073431015015
    ],
    "val_loss": [
      0.9868195652961731,
      0.7356579303741455,
      0.6787965297698975,
      0.6193628311157227,
      0.7410721182823181,
      0.8283616304397583,
      0.7609041929244995,
      0.9133042097091675,
      0.8406752943992615
    ],
    "accuracy": [
      0.4591463506221771,
      0.577235758304596,
      0.6272357702255249,
      0.6510162353515625,
      0.6560975313186646,
      0.6989837288856506,
      0.7225610017776489,
      0.7197154760360718,
      0.7380081415176392
    ],
    "val_accuracy": [
      0.46439024806022644,
      0.5804877877235413,
      0.6497560739517212,
      0.7009755969047546,
      0.5839024186134338,
      0.559512197971344,
      0.6219512224197388,
      0.5463414788246155,
      0.5770731568336487
    ]
  },
  "plots_path": "lstm_experiments/plots_20250730_122201.png"
}