{
  "timestamp": "20250730_122515",
  "parameters": {
    "experiment_name": "Test_Seq30_Baseline4",
    "seq_len": 30,
    "lstm1_units": 32,
    "lstm2_units": 16,
    "dropout_rate": 0.4,
    "learning_rate": 0.0005,
    "epochs": 50,
    "batch_size": 64,
    "patience": 5,
    "class_weight_ratio": 5.0,
    "train_ratio": 0.6,
    "val_ratio": 0.25,
    "num_features": 8,
    "train_samples": 4920,
    "val_samples": 2050,
    "test_samples": 1231
  },
  "metrics": {
    "f1_score": 0.6689497716894978,
    "recall": 0.571150097465887,
    "precision": 0.8071625344352618,
    "roc_auc": 0.7984139395222813,
    "best_threshold": 0.7000000000000001,
    "final_train_loss": 0.7043920159339905,
    "final_val_loss": 0.8650076389312744,
    "epochs_trained": 16
  },
  "training_history": {
    "loss": [
      1.4531608819961548,
      1.0978707075119019,
      1.0008150339126587,
      0.9771601557731628,
      0.9361073970794678,
      0.9002186059951782,
      0.8766791224479675,
      0.8594613671302795,
      0.8094303011894226,
      0.7909520268440247,
      0.77525395154953,
      0.7718930840492249,
      0.7471719980239868,
      0.7243019938468933,
      0.7169235348701477,
      0.7043920159339905
    ],
    "val_loss": [
      0.8178068399429321,
      0.7641274929046631,
      0.7875470519065857,
      0.7224429845809937,
      0.692628026008606,
      0.7265381813049316,
      1.0829733610153198,
      0.7892749309539795,
      0.6167193651199341,
      0.7995648980140686,
      0.6067368388175964,
      0.7024605870246887,
      0.707129716873169,
      1.0211175680160522,
      0.7989214658737183,
      0.8650076389312744
    ],
    "accuracy": [
      0.4569105803966522,
      0.5914633870124817,
      0.6743902564048767,
      0.6902438998222351,
      0.6977642178535461,
      0.6991869807243347,
      0.7069105505943298,
      0.7087398171424866,
      0.7323170900344849,
      0.7453252077102661,
      0.7414634227752686,
      0.7321138381958008,
      0.7390244007110596,
      0.7510162591934204,
      0.7461382150650024,
      0.7536585330963135
    ],
    "val_accuracy": [
      0.40634146332740784,
      0.5819512009620667,
      0.6000000238418579,
      0.6185365915298462,
      0.6370731592178345,
      0.6043902635574341,
      0.4882926940917969,
      0.5687804818153381,
      0.7141463160514832,
      0.5965853929519653,
      0.7039024233818054,
      0.6473170518875122,
      0.6497560739517212,
      0.5336585640907288,
      0.6297560930252075,
      0.6039024591445923
    ]
  },
  "plots_path": "lstm_experiments/plots_20250730_122514.png"
}