{
  "timestamp": "20250730_123629",
  "parameters": {
    "experiment_name": "Test_Seq30_Baseline4",
    "seq_len": 40,
    "lstm1_units": 32,
    "lstm2_units": 16,
    "dropout_rate": 0.4,
    "learning_rate": 0.0005,
    "epochs": 50,
    "batch_size": 32,
    "patience": 5,
    "class_weight_ratio": 5.0,
    "train_ratio": 0.6,
    "val_ratio": 0.25,
    "num_features": 8,
    "train_samples": 4914,
    "val_samples": 2048,
    "test_samples": 1229
  },
  "metrics": {
    "f1_score": 0.7106145251396648,
    "recall": 0.6223091976516634,
    "precision": 0.828125,
    "roc_auc": 0.8199499588441475,
    "best_threshold": 0.6,
    "final_train_loss": 0.6769806146621704,
    "final_val_loss": 0.6751785278320312,
    "epochs_trained": 9
  },
  "training_history": {
    "loss": [
      1.272223711013794,
      0.9612608551979065,
      0.9186144471168518,
      0.866295576095581,
      0.8141487240791321,
      0.7714002132415771,
      0.7086852788925171,
      0.6850345730781555,
      0.6769806146621704
    ],
    "val_loss": [
      0.7943955063819885,
      0.847421407699585,
      0.7488099336624146,
      0.5008772015571594,
      1.0704219341278076,
      0.8137030005455017,
      0.7799460291862488,
      0.7508282661437988,
      0.6751785278320312
    ],
    "accuracy": [
      0.518111526966095,
      0.7067562341690063,
      0.7177452445030212,
      0.7230362296104431,
      0.7317867279052734,
      0.7411477565765381,
      0.7596662640571594,
      0.7625152468681335,
      0.7612942457199097
    ],
    "val_accuracy": [
      0.59375,
      0.6083984375,
      0.6494140625,
      0.79931640625,
      0.486328125,
      0.62255859375,
      0.619140625,
      0.59130859375,
      0.67041015625
    ]
  },
  "plots_path": "lstm_experiments/plots_20250730_123628.png"
}