{
  "timestamp": "20250730_123901",
  "parameters": {
    "experiment_name": "Test_Seq30_Baseline5",
    "seq_len": 50,
    "lstm1_units": 32,
    "lstm2_units": 16,
    "dropout_rate": 0.4,
    "learning_rate": 0.0005,
    "epochs": 50,
    "batch_size": 32,
    "patience": 5,
    "class_weight_ratio": 5.0,
    "train_ratio": 0.6,
    "val_ratio": 0.25,
    "num_features": 8,
    "train_samples": 4908,
    "val_samples": 2045,
    "test_samples": 1228
  },
  "metrics": {
    "f1_score": 0.6834285714285714,
    "recall": 0.5862745098039216,
    "precision": 0.8191780821917808,
    "roc_auc": 0.8113578021737942,
    "best_threshold": 0.8,
    "final_train_loss": 0.6667022109031677,
    "final_val_loss": 0.8953781723976135,
    "epochs_trained": 7
  },
  "training_history": {
    "loss": [
      1.3314546346664429,
      0.9916170239448547,
      0.8928834795951843,
      0.8406087160110474,
      0.7866024971008301,
      0.7091115117073059,
      0.6667022109031677
    ],
    "val_loss": [
      0.7963207364082336,
      0.5915032029151917,
      0.6637300848960876,
      0.6665880084037781,
      0.6455215215682983,
      0.8719118237495422,
      0.8953781723976135
    ],
    "accuracy": [
      0.45925021171569824,
      0.683577835559845,
      0.7404237985610962,
      0.7495924830436707,
      0.751018762588501,
      0.7750611305236816,
      0.7789323329925537
    ],
    "val_accuracy": [
      0.5281173586845398,
      0.7427873015403748,
      0.6880195736885071,
      0.6616137027740479,
      0.6757946014404297,
      0.5647921562194824,
      0.6479217410087585
    ]
  },
  "plots_path": "lstm_experiments/plots_20250730_123859.png"
}