{
  "timestamp": "20250730_124427",
  "parameters": {
    "experiment_name": "7",
    "seq_len": 40,
    "lstm1_units": 64,
    "lstm2_units": 32,
    "dropout_rate": 0.4,
    "learning_rate": 0.0005,
    "epochs": 50,
    "batch_size": 32,
    "patience": 5,
    "class_weight_ratio": 5.0,
    "train_ratio": 0.6,
    "val_ratio": 0.25,
    "num_features": 8,
    "train_samples": 4914,
    "val_samples": 2048,
    "test_samples": 1229
  },
  "metrics": {
    "f1_score": 0.6795096322241682,
    "recall": 0.7592954990215264,
    "precision": 0.6148969889064976,
    "roc_auc": 0.8069599725264243,
    "best_threshold": 0.5,
    "final_train_loss": 0.6690317988395691,
    "final_val_loss": 0.8164569139480591,
    "epochs_trained": 6
  },
  "training_history": {
    "loss": [
      1.1935787200927734,
      0.9509460926055908,
      0.865150511264801,
      0.8209364414215088,
      0.759834349155426,
      0.6690317988395691
    ],
    "val_loss": [
      0.6737000942230225,
      0.8217329978942871,
      0.7717522978782654,
      0.6898210644721985,
      0.8968685865402222,
      0.8164569139480591
    ],
    "accuracy": [
      0.5439560413360596,
      0.700651228427887,
      0.7264957427978516,
      0.7142857313156128,
      0.7332112193107605,
      0.7594627737998962
    ],
    "val_accuracy": [
      0.69091796875,
      0.638671875,
      0.5302734375,
      0.6767578125,
      0.4931640625,
      0.556640625
    ]
  },
  "plots_path": "lstm_experiments/plots_20250730_124425.png"
}