{
  "timestamp": "20250730_124755",
  "parameters": {
    "experiment_name": "8",
    "seq_len": 40,
    "lstm1_units": 64,
    "lstm2_units": 32,
    "dropout_rate": 0.5,
    "learning_rate": 0.0005,
    "epochs": 50,
    "batch_size": 32,
    "patience": 5,
    "class_weight_ratio": 5.0,
    "train_ratio": 0.6,
    "val_ratio": 0.25,
    "num_features": 8,
    "train_samples": 4914,
    "val_samples": 2048,
    "test_samples": 1229
  },
  "metrics": {
    "f1_score": 0.6671838634600465,
    "recall": 0.8414872798434442,
    "precision": 0.5526992287917738,
    "roc_auc": 0.7857442667989468,
    "best_threshold": 0.30000000000000004,
    "final_train_loss": 0.7397755980491638,
    "final_val_loss": 0.7247957587242126,
    "epochs_trained": 6
  },
  "training_history": {
    "loss": [
      1.148105263710022,
      0.928265392780304,
      0.8483315110206604,
      0.8223013281822205,
      0.7452934980392456,
      0.7397755980491638
    ],
    "val_loss": [
      0.5917137861251831,
      0.5928804278373718,
      0.6920390725135803,
      0.7308298945426941,
      0.6144798994064331,
      0.7247957587242126
    ],
    "accuracy": [
      0.5726495981216431,
      0.6916971802711487,
      0.7081807255744934,
      0.7150996923446655,
      0.7364672422409058,
      0.7332112193107605
    ],
    "val_accuracy": [
      0.70703125,
      0.66064453125,
      0.61767578125,
      0.5927734375,
      0.669921875,
      0.6484375
    ]
  },
  "plots_path": "lstm_experiments/plots_20250730_124754.png"
}