{
  "timestamp": "20250730_125255",
  "parameters": {
    "experiment_name": "9",
    "seq_len": 40,
    "lstm1_units": 32,
    "lstm2_units": 16,
    "dropout_rate": 0.5,
    "learning_rate": 0.0005,
    "epochs": 50,
    "batch_size": 32,
    "patience": 5,
    "class_weight_ratio": 5.0,
    "train_ratio": 0.6,
    "val_ratio": 0.25,
    "num_features": 8,
    "train_samples": 4914,
    "val_samples": 2048,
    "test_samples": 1229
  },
  "metrics": {
    "f1_score": 0.7008149010477299,
    "recall": 0.589041095890411,
    "precision": 0.8649425287356322,
    "roc_auc": 0.8067637326995514,
    "best_threshold": 0.8,
    "final_train_loss": 0.6735275983810425,
    "final_val_loss": 0.8938611745834351,
    "epochs_trained": 9
  },
  "training_history": {
    "loss": [
      1.301140308380127,
      1.0114635229110718,
      0.9453218579292297,
      0.9125706553459167,
      0.8887963891029358,
      0.8423024415969849,
      0.7617170810699463,
      0.7201069593429565,
      0.6735275983810425
    ],
    "val_loss": [
      0.8423793315887451,
      0.6111342310905457,
      0.7075085043907166,
      0.5876321196556091,
      0.8137693405151367,
      0.6628309488296509,
      0.8162650465965271,
      0.8271670341491699,
      0.8938611745834351
    ],
    "accuracy": [
      0.5158730149269104,
      0.6910867094993591,
      0.728327214717865,
      0.7315832376480103,
      0.7458282709121704,
      0.7374847531318665,
      0.7604802846908569,
      0.7694342732429504,
      0.7812373042106628
    ],
    "val_accuracy": [
      0.54296875,
      0.71826171875,
      0.6884765625,
      0.7470703125,
      0.64013671875,
      0.673828125,
      0.56787109375,
      0.5859375,
      0.5673828125
    ]
  },
  "plots_path": "lstm_experiments/plots_20250730_125254.png"
}