{
  "timestamp": "20250730_144329",
  "parameters": {
    "experiment_name": "20_focal_standard",
    "seq_len": 30,
    "lstm1_units": 16,
    "lstm2_units": 8,
    "dropout_rate": 0.35,
    "learning_rate": 5e-05,
    "epochs": 50,
    "batch_size": 32,
    "patience": 5,
    "class_weight_ratio": 1.0,
    "focal_alpha": 0.75,
    "focal_gamma": 2.0,
    "train_ratio": 0.6,
    "val_ratio": 0.25,
    "num_features": 8,
    "train_samples": 4920,
    "val_samples": 2050,
    "test_samples": 1231
  },
  "metrics": {
    "f1_score": 0.6752058554437328,
    "recall": 0.7192982456140351,
    "precision": 0.6362068965517241,
    "roc_auc": 0.8124311087219751,
    "best_threshold": 0.5,
    "final_train_loss": 0.04851718991994858,
    "final_val_loss": 0.04718306288123131,
    "epochs_trained": 25,
    "focal_alpha": 0.75,
    "focal_gamma": 2.0
  },
  "training_history": {
    "loss": [
      0.07102309167385101,
      0.06859587132930756,
      0.06674166768789291,
      0.06450285762548447,
      0.06271328032016754,
      0.06072157621383667,
      0.05917132645845413,
      0.058373142033815384,
      0.057044561952352524,
      0.056071627885103226,
      0.055478084832429886,
      0.05404006689786911,
      0.053646039217710495,
      0.05249812453985214,
      0.05249807611107826,
      0.05157547816634178,
      0.05124954134225845,
      0.050894781947135925,
      0.05010797083377838,
      0.0498557910323143,
      0.049858562648296356,
      0.049432579427957535,
      0.04874960333108902,
      0.04945230111479759,
      0.04851718991994858
    ],
    "val_loss": [
      0.06372478604316711,
      0.061930570751428604,
      0.06002647057175636,
      0.057917580008506775,
      0.05559985339641571,
      0.05376630648970604,
      0.052304524928331375,
      0.05114263668656349,
      0.050417013466358185,
      0.04970799759030342,
      0.0492999367415905,
      0.04888058826327324,
      0.04851347953081131,
      0.04832787811756134,
      0.047939930111169815,
      0.047822821885347366,
      0.04788041487336159,
      0.04702547937631607,
      0.047692909836769104,
      0.04693201556801796,
      0.04739447683095932,
      0.04714340344071388,
      0.047487203031778336,
      0.047487154603004456,
      0.04718306288123131
    ],
    "accuracy": [
      0.542682945728302,
      0.5063008069992065,
      0.5030487775802612,
      0.5146341323852539,
      0.5439024567604065,
      0.5780487656593323,
      0.5947154760360718,
      0.6203252077102661,
      0.6439024209976196,
      0.654674768447876,
      0.6739837527275085,
      0.6847561001777649,
      0.7020325064659119,
      0.7054877877235413,
      0.7160568833351135,
      0.7241870164871216,
      0.7274390459060669,
      0.7345528602600098,
      0.7394309043884277,
      0.7414634227752686,
      0.7461382150650024,
      0.7453252077102661,
      0.7414634227752686,
      0.7453252077102661,
      0.7510162591934204
    ],
    "val_accuracy": [
      0.4580487906932831,
      0.410731703042984,
      0.43463414907455444,
      0.4565853774547577,
      0.5146341323852539,
      0.559512197971344,
      0.5990244150161743,
      0.6336585283279419,
      0.6517072916030884,
      0.6702439188957214,
      0.6902438998222351,
      0.70243901014328,
      0.7180487513542175,
      0.7278048992156982,
      0.742926836013794,
      0.7443902492523193,
      0.7400000095367432,
      0.7658536434173584,
      0.7409756183624268,
      0.7585365772247314,
      0.7468292713165283,
      0.7507317066192627,
      0.7409756183624268,
      0.742926836013794,
      0.7507317066192627
    ]
  },
  "plots_path": "lstm_experiments/plots_20250730_144328.png"
}