{
  "timestamp": "20250730_144404",
  "parameters": {
    "experiment_name": "21_focal_aggressive",
    "seq_len": 30,
    "lstm1_units": 16,
    "lstm2_units": 8,
    "dropout_rate": 0.35,
    "learning_rate": 5e-05,
    "epochs": 50,
    "batch_size": 32,
    "patience": 5,
    "class_weight_ratio": 1.0,
    "focal_alpha": 0.85,
    "focal_gamma": 3.0,
    "train_ratio": 0.6,
    "val_ratio": 0.25,
    "num_features": 8,
    "train_samples": 4920,
    "val_samples": 2050,
    "test_samples": 1231
  },
  "metrics": {
    "f1_score": 0.6603325415676959,
    "recall": 0.5419103313840156,
    "precision": 0.8449848024316109,
    "roc_auc": 0.7976754793203994,
    "best_threshold": 0.6,
    "final_train_loss": 0.020748784765601158,
    "final_val_loss": 0.021689267829060555,
    "epochs_trained": 19,
    "focal_alpha": 0.85,
    "focal_gamma": 3.0
  },
  "training_history": {
    "loss": [
      0.03420969098806381,
      0.032256413251161575,
      0.030297044664621353,
      0.029115887358784676,
      0.028026897460222244,
      0.026679590344429016,
      0.02555941790342331,
      0.024377651512622833,
      0.023794012144207954,
      0.023201676085591316,
      0.022856855764985085,
      0.022462723776698112,
      0.022156286984682083,
      0.021903986111283302,
      0.021540673449635506,
      0.02170434407889843,
      0.02146153524518013,
      0.021197792142629623,
      0.020748784765601158
    ],
    "val_loss": [
      0.028960242867469788,
      0.028298523277044296,
      0.027489133179187775,
      0.026519762352108955,
      0.025479711592197418,
      0.024370932951569557,
      0.023345207795500755,
      0.022438399493694305,
      0.02177448756992817,
      0.02156059816479683,
      0.021321795880794525,
      0.021411055698990822,
      0.021260924637317657,
      0.021175576373934746,
      0.021257394924759865,
      0.02145819552242756,
      0.021447820588946342,
      0.02160036377608776,
      0.021689267829060555
    ],
    "accuracy": [
      0.4345528483390808,
      0.42865854501724243,
      0.43069106340408325,
      0.4323170781135559,
      0.4371951222419739,
      0.45772358775138855,
      0.48028454184532166,
      0.5006097555160522,
      0.5193089246749878,
      0.5497967600822449,
      0.5634146332740784,
      0.5717479586601257,
      0.5861788392066956,
      0.5951219797134399,
      0.6034553050994873,
      0.6012195348739624,
      0.602642297744751,
      0.6162601709365845,
      0.6180894374847412
    ],
    "val_accuracy": [
      0.3351219594478607,
      0.3351219594478607,
      0.3351219594478607,
      0.3351219594478607,
      0.3336585462093353,
      0.353658527135849,
      0.3678048849105835,
      0.39073172211647034,
      0.43121951818466187,
      0.4526829123497009,
      0.467804878950119,
      0.47658535838127136,
      0.4970731735229492,
      0.5126829147338867,
      0.5121951103210449,
      0.507317066192627,
      0.5209755897521973,
      0.5165853500366211,
      0.5224390029907227
    ]
  },
  "plots_path": "lstm_experiments/plots_20250730_144403.png"
}