{
  "timestamp": "20250730_141735",
  "parameters": {
    "experiment_name": "19",
    "seq_len": 30,
    "lstm1_units": 16,
    "lstm2_units": 8,
    "dropout_rate": 0.35,
    "learning_rate": 5e-05,
    "epochs": 50,
    "batch_size": 32,
    "patience": 5,
    "class_weight_ratio": 2.2,
    "train_ratio": 0.6,
    "val_ratio": 0.25,
    "num_features": 8,
    "train_samples": 4920,
    "val_samples": 2050,
    "test_samples": 1231
  },
  "metrics": {
    "f1_score": 0.6868250539956804,
    "recall": 0.6198830409356725,
    "precision": 0.7699757869249395,
    "roc_auc": 0.8072944664353547,
    "best_threshold": 0.6,
    "final_train_loss": 0.6704975962638855,
    "final_val_loss": 0.5445341467857361,
    "epochs_trained": 32
  },
  "training_history": {
    "loss": [
      1.0074211359024048,
      0.9873042702674866,
      0.9625977277755737,
      0.936274528503418,
      0.9085157513618469,
      0.8836870193481445,
      0.8560463786125183,
      0.8325726389884949,
      0.8090119361877441,
      0.7997661232948303,
      0.7820347547531128,
      0.7699637413024902,
      0.7629322409629822,
      0.7492751479148865,
      0.7406185269355774,
      0.7276294827461243,
      0.7237122654914856,
      0.7182525992393494,
      0.7067850232124329,
      0.7040560841560364,
      0.6907290816307068,
      0.692518413066864,
      0.6908226013183594,
      0.6837086081504822,
      0.6752828359603882,
      0.6780983805656433,
      0.6698360443115234,
      0.6657800674438477,
      0.6671812534332275,
      0.6682726144790649,
      0.6644618511199951,
      0.6704975962638855
    ],
    "val_loss": [
      0.6852142810821533,
      0.6905944347381592,
      0.6927987933158875,
      0.6904769539833069,
      0.6782054305076599,
      0.6549277305603027,
      0.6421964764595032,
      0.6149799227714539,
      0.6001052856445312,
      0.5787586569786072,
      0.5767625570297241,
      0.5813679099082947,
      0.5714077949523926,
      0.5559271574020386,
      0.5522472262382507,
      0.5492306351661682,
      0.5460261106491089,
      0.5389100909233093,
      0.5505381226539612,
      0.5406395196914673,
      0.5364187359809875,
      0.5328813791275024,
      0.5399377942085266,
      0.5456085801124573,
      0.5251747965812683,
      0.5326378345489502,
      0.5242905616760254,
      0.5308914184570312,
      0.5386364459991455,
      0.5658898949623108,
      0.5421098470687866,
      0.5445341467857361
    ],
    "accuracy": [
      0.5579268336296082,
      0.5308942794799805,
      0.5182926654815674,
      0.5225609540939331,
      0.5319105982780457,
      0.569918692111969,
      0.6148374080657959,
      0.6532520055770874,
      0.6711382269859314,
      0.6861788630485535,
      0.699796736240387,
      0.7150406241416931,
      0.7191057205200195,
      0.730284571647644,
      0.7420731782913208,
      0.7428861856460571,
      0.744918704032898,
      0.7565040588378906,
      0.7601625919342041,
      0.755081295967102,
      0.7666666507720947,
      0.7634146213531494,
      0.772357702255249,
      0.7711381912231445,
      0.7701219320297241,
      0.7721544504165649,
      0.7778455018997192,
      0.7806910276412964,
      0.7813008427619934,
      0.7798780202865601,
      0.7776422500610352,
      0.7815040946006775
    ],
    "val_accuracy": [
      0.523902416229248,
      0.4297561049461365,
      0.4258536696434021,
      0.4424390196800232,
      0.49365854263305664,
      0.5814633965492249,
      0.6229268312454224,
      0.6965853571891785,
      0.7253658771514893,
      0.7468292713165283,
      0.7487804889678955,
      0.7458536624908447,
      0.7575609683990479,
      0.7697560787200928,
      0.7726829051971436,
      0.7756097316741943,
      0.7780487537384033,
      0.7795121669769287,
      0.7736585140228271,
      0.7756097316741943,
      0.7765853404998779,
      0.7795121669769287,
      0.7746341228485107,
      0.7687804698944092,
      0.7814634442329407,
      0.774146318435669,
      0.7809755802154541,
      0.7765853404998779,
      0.7721951007843018,
      0.7487804889678955,
      0.7712194919586182,
      0.7687804698944092
    ]
  },
  "plots_path": "lstm_experiments/plots_20250730_141733.png"
}