{
  "timestamp": "20250730_141908",
  "parameters": {
    "experiment_name": "19",
    "seq_len": 30,
    "lstm1_units": 16,
    "lstm2_units": 8,
    "dropout_rate": 0.35,
    "learning_rate": 5e-05,
    "epochs": 50,
    "batch_size": 32,
    "patience": 5,
    "class_weight_ratio": 2.3,
    "train_ratio": 0.6,
    "val_ratio": 0.25,
    "num_features": 8,
    "train_samples": 4920,
    "val_samples": 2050,
    "test_samples": 1231
  },
  "metrics": {
    "f1_score": 0.6802120141342756,
    "recall": 0.7504873294346979,
    "precision": 0.6219709208400647,
    "roc_auc": 0.8067216167934538,
    "best_threshold": 0.30000000000000004,
    "final_train_loss": 0.6484339237213135,
    "final_val_loss": 0.48439526557922363,
    "epochs_trained": 39
  },
  "training_history": {
    "loss": [
      1.0054547786712646,
      0.98670494556427,
      0.9670619368553162,
      0.9451123476028442,
      0.9223241806030273,
      0.9043964147567749,
      0.8862941861152649,
      0.8681612610816956,
      0.8506476879119873,
      0.8414288759231567,
      0.8288028836250305,
      0.8194436430931091,
      0.8059853911399841,
      0.7967960834503174,
      0.7833970189094543,
      0.7746124267578125,
      0.7623481154441833,
      0.7483007907867432,
      0.7403256297111511,
      0.7236912250518799,
      0.7173860669136047,
      0.7113573551177979,
      0.7066349387168884,
      0.6992126107215881,
      0.6943215131759644,
      0.6855151653289795,
      0.6813732385635376,
      0.6761641502380371,
      0.6787878274917603,
      0.6689116954803467,
      0.6703929305076599,
      0.6657956838607788,
      0.6598734259605408,
      0.6598092317581177,
      0.6554367542266846,
      0.656379759311676,
      0.6628084778785706,
      0.6513127684593201,
      0.6484339237213135
    ],
    "val_loss": [
      0.7332792282104492,
      0.7250967025756836,
      0.7139691710472107,
      0.6983022689819336,
      0.679387629032135,
      0.6582587957382202,
      0.6353415846824646,
      0.6202967166900635,
      0.615147054195404,
      0.60023432970047,
      0.5897122025489807,
      0.585052490234375,
      0.5800871849060059,
      0.5764366984367371,
      0.5773757100105286,
      0.5588057637214661,
      0.5621685981750488,
      0.5458586812019348,
      0.5589872002601624,
      0.5344176888465881,
      0.5220703482627869,
      0.5298296213150024,
      0.5274729132652283,
      0.5069307088851929,
      0.5196760296821594,
      0.5025271773338318,
      0.503937840461731,
      0.49449920654296875,
      0.4887956380844116,
      0.5255333781242371,
      0.5130736231803894,
      0.5241768956184387,
      0.49695050716400146,
      0.477401465177536,
      0.48519477248191833,
      0.4937785267829895,
      0.48396462202072144,
      0.4909972548484802,
      0.48439526557922363
    ],
    "accuracy": [
      0.41626015305519104,
      0.4278455376625061,
      0.43638211488723755,
      0.4650406539440155,
      0.5036585330963135,
      0.5398374199867249,
      0.5800812840461731,
      0.620121955871582,
      0.6410568952560425,
      0.6563008427619934,
      0.6810975670814514,
      0.6941056847572327,
      0.7042682766914368,
      0.7087398171424866,
      0.7205284833908081,
      0.7288618087768555,
      0.7463414669036865,
      0.7522357702255249,
      0.7617886066436768,
      0.7654471397399902,
      0.777235746383667,
      0.777235746383667,
      0.7835366129875183,
      0.7821138501167297,
      0.7943089604377747,
      0.7882114052772522,
      0.7892276644706726,
      0.790243923664093,
      0.7916666865348816,
      0.79756098985672,
      0.7932927012443542,
      0.7934959530830383,
      0.7997967600822449,
      0.7932927012443542,
      0.8012195229530334,
      0.7991870045661926,
      0.7943089604377747,
      0.7995935082435608,
      0.7971544861793518
    ],
    "val_accuracy": [
      0.3351219594478607,
      0.3351219594478607,
      0.3400000035762787,
      0.37560975551605225,
      0.4682926833629608,
      0.561951220035553,
      0.6448780298233032,
      0.6975609660148621,
      0.7195122241973877,
      0.7439024448394775,
      0.7580487728118896,
      0.7639024257659912,
      0.766829252243042,
      0.7707316875457764,
      0.7756097316741943,
      0.7873170971870422,
      0.7839024662971497,
      0.800000011920929,
      0.7795121669769287,
      0.8039024472236633,
      0.8107317090034485,
      0.79756098985672,
      0.7917073369026184,
      0.8082926869392395,
      0.79756098985672,
      0.8078048825263977,
      0.8043902516365051,
      0.8087804913520813,
      0.8097561001777649,
      0.774146318435669,
      0.7834146618843079,
      0.7790243625640869,
      0.7985365986824036,
      0.8097561001777649,
      0.8034146428108215,
      0.7960975766181946,
      0.8009756207466125,
      0.7985365986824036,
      0.7985365986824036
    ]
  },
  "plots_path": "lstm_experiments/plots_20250730_141907.png"
}