{
  "timestamp": "20250730_153023",
  "parameters": {
    "experiment_name": "anomaly_15s_optimized",
    "method": "robust_anomaly",
    "n_runs": 5,
    "seq_len": 8,
    "lstm1_units": 48,
    "lstm2_units": 24,
    "dropout_rate": 0.5,
    "learning_rate": 0.0001,
    "focal_alpha": 0.8,
    "focal_gamma": 2.5,
    "break_temporal_pattern": true,
    "add_noise": true,
    "batch_size": 128
  },
  "metrics": {
    "f1_score_mean": 0.6494614348141311,
    "f1_score_std": 0.11747765983950782,
    "recall_mean": 0.6825455495385668,
    "recall_std": 0.0845623632400888,
    "precision_mean": 0.6566856907277213,
    "precision_std": 0.20083660191223707,
    "roc_auc_mean": 0.7552487732496926,
    "roc_auc_std": 0.12195709604276768,
    "total_false_negatives": 732,
    "miss_rate": 0.3112244897959184,
    "stability_cv_f1": 0.18088473547798672,
    "stability_cv_auc": 0.16147936992735434
  },
  "training_history": {
    "loss": [
      0.05
    ],
    "val_loss": [
      0.06
    ],
    "accuracy": [
      0.75
    ],
    "val_accuracy": [
      0.73
    ]
  },
  "plots_path": null
}