{
  "timestamp": "20250730_142911",
  "parameters": {
    "experiment_name": "19",
    "seq_len": 30,
    "lstm1_units": 16,
    "lstm2_units": 8,
    "dropout_rate": 0.35,
    "learning_rate": 5e-05,
    "epochs": 50,
    "batch_size": 32,
    "patience": 5,
    "class_weight_ratio": 2.5,
    "train_ratio": 0.6,
    "val_ratio": 0.25,
    "num_features": 8,
    "train_samples": 4920,
    "val_samples": 2050,
    "test_samples": 1231
  },
  "metrics": {
    "f1_score": 0.6728452270620945,
    "recall": 0.7076023391812866,
    "precision": 0.6413427561837456,
    "roc_auc": 0.8075333800300813,
    "best_threshold": 0.4,
    "final_train_loss": 0.7010294795036316,
    "final_val_loss": 0.5330296158790588,
    "epochs_trained": 33
  },
  "training_history": {
    "loss": [
      1.067972183227539,
      1.0474786758422852,
      1.0246179103851318,
      0.9928490519523621,
      0.9608324766159058,
      0.9262329936027527,
      0.9015156626701355,
      0.8873047828674316,
      0.8689873218536377,
      0.8538018465042114,
      0.8407987952232361,
      0.8196882605552673,
      0.8076438903808594,
      0.7923323512077332,
      0.7861083149909973,
      0.7748770117759705,
      0.766076385974884,
      0.7601712942123413,
      0.7506453394889832,
      0.7437168955802917,
      0.741878092288971,
      0.735474169254303,
      0.728760838508606,
      0.73455810546875,
      0.7230531573295593,
      0.7215276956558228,
      0.7238038778305054,
      0.7145076394081116,
      0.7172300219535828,
      0.7114107608795166,
      0.7066930532455444,
      0.7082813382148743,
      0.7010294795036316
    ],
    "val_loss": [
      0.6849380135536194,
      0.6871041059494019,
      0.6872234344482422,
      0.6842012405395508,
      0.6675178408622742,
      0.6539539098739624,
      0.6375039219856262,
      0.6203115582466125,
      0.6116378903388977,
      0.6053844690322876,
      0.5995883345603943,
      0.5932492017745972,
      0.5902907848358154,
      0.5784761905670166,
      0.5730558037757874,
      0.5715301036834717,
      0.5723108649253845,
      0.5486181378364563,
      0.5599035024642944,
      0.539569616317749,
      0.5439510345458984,
      0.5407512784004211,
      0.5464218854904175,
      0.5476865172386169,
      0.5368364453315735,
      0.5353026986122131,
      0.5393280982971191,
      0.5264660120010376,
      0.5392196178436279,
      0.539478063583374,
      0.5337413549423218,
      0.5376743078231812,
      0.5330296158790588
    ],
    "accuracy": [
      0.5463414788246155,
      0.5060975551605225,
      0.49004065990448,
      0.49004065990448,
      0.519715428352356,
      0.5603658556938171,
      0.5932926535606384,
      0.6241869926452637,
      0.6544715166091919,
      0.6646341681480408,
      0.6835365891456604,
      0.6975609660148621,
      0.7180894017219543,
      0.7264227867126465,
      0.7447154521942139,
      0.7546747922897339,
      0.7565040588378906,
      0.7693089246749878,
      0.7660568952560425,
      0.7731707096099854,
      0.7705284357070923,
      0.7733739614486694,
      0.7743902206420898,
      0.7766259908676147,
      0.7802845239639282,
      0.7768292427062988,
      0.7810975313186646,
      0.7841463685035706,
      0.7786585092544556,
      0.7792682647705078,
      0.7810975313186646,
      0.785365879535675,
      0.7861788868904114
    ],
    "val_accuracy": [
      0.46439024806022644,
      0.40439024567604065,
      0.3990243971347809,
      0.42048779129981995,
      0.4736585319042206,
      0.5365853905677795,
      0.6068292856216431,
      0.6653658747673035,
      0.6892682909965515,
      0.7131707072257996,
      0.7302439212799072,
      0.7517073154449463,
      0.7551219463348389,
      0.7658536434173584,
      0.7697560787200928,
      0.7653658390045166,
      0.7604877948760986,
      0.7839024662971497,
      0.7697560787200928,
      0.787804901599884,
      0.7799999713897705,
      0.7819512486457825,
      0.7760975360870361,
      0.7721951007843018,
      0.7809755802154541,
      0.7814634442329407,
      0.774146318435669,
      0.7848780751228333,
      0.7702438831329346,
      0.7678048610687256,
      0.7726829051971436,
      0.7673170566558838,
      0.7682926654815674
    ]
  },
  "plots_path": "lstm_experiments/plots_20250730_142910.png"
}