{
  "timestamp": "20250730_141558",
  "parameters": {
    "experiment_name": "19",
    "seq_len": 30,
    "lstm1_units": 16,
    "lstm2_units": 8,
    "dropout_rate": 0.35,
    "learning_rate": 5e-05,
    "epochs": 50,
    "batch_size": 32,
    "patience": 5,
    "class_weight_ratio": 3.0,
    "train_ratio": 0.6,
    "val_ratio": 0.25,
    "num_features": 8,
    "train_samples": 4920,
    "val_samples": 2050,
    "test_samples": 1231
  },
  "metrics": {
    "f1_score": 0.6630602782071098,
    "recall": 0.8362573099415205,
    "precision": 0.5492957746478874,
    "roc_auc": 0.7815243773314438,
    "best_threshold": 0.30000000000000004,
    "final_train_loss": 0.778693437576294,
    "final_val_loss": 0.5606091022491455,
    "epochs_trained": 36
  },
  "training_history": {
    "loss": [
      1.1950244903564453,
      1.1605985164642334,
      1.1273249387741089,
      1.0972216129302979,
      1.0550957918167114,
      1.0109707117080688,
      0.9695071578025818,
      0.9490545988082886,
      0.9207229018211365,
      0.9026198387145996,
      0.8945189714431763,
      0.8843303322792053,
      0.8775916695594788,
      0.8605486750602722,
      0.8557721376419067,
      0.8447865843772888,
      0.8413928747177124,
      0.828840434551239,
      0.8257102370262146,
      0.8243994116783142,
      0.8176410794258118,
      0.809224545955658,
      0.808361291885376,
      0.8054511547088623,
      0.7969303727149963,
      0.7961027026176453,
      0.7918915748596191,
      0.795237123966217,
      0.7877687811851501,
      0.7876118421554565,
      0.7854559421539307,
      0.7892381548881531,
      0.7724323868751526,
      0.7769513130187988,
      0.7727485299110413,
      0.778693437576294
    ],
    "val_loss": [
      0.7917326092720032,
      0.8095695376396179,
      0.8126140236854553,
      0.8012562394142151,
      0.7742164731025696,
      0.7273554801940918,
      0.7054966688156128,
      0.6868289113044739,
      0.6557931900024414,
      0.6528643369674683,
      0.630906879901886,
      0.6199519634246826,
      0.6139137148857117,
      0.6221557855606079,
      0.6122678518295288,
      0.5922523140907288,
      0.5916752219200134,
      0.5916406512260437,
      0.5884881019592285,
      0.5814462900161743,
      0.5878715515136719,
      0.5760921835899353,
      0.5704965591430664,
      0.5753143429756165,
      0.5645842552185059,
      0.5689645409584045,
      0.5585019588470459,
      0.5717620253562927,
      0.5744085311889648,
      0.574974000453949,
      0.5434255599975586,
      0.5648661851882935,
      0.5596833229064941,
      0.5499999523162842,
      0.5470716953277588,
      0.5606091022491455
    ],
    "accuracy": [
      0.3995935022830963,
      0.4067073166370392,
      0.4097560942173004,
      0.4158536493778229,
      0.44105690717697144,
      0.5010162591934204,
      0.5597561001777649,
      0.6030488014221191,
      0.6278455257415771,
      0.6487804651260376,
      0.6634146571159363,
      0.677642285823822,
      0.6815040707588196,
      0.6943089365959167,
      0.702235758304596,
      0.7095528244972229,
      0.7134146094322205,
      0.7262195348739624,
      0.7310975790023804,
      0.7308943271636963,
      0.7357723712921143,
      0.7371951341629028,
      0.74004065990448,
      0.7422764301300049,
      0.7408536672592163,
      0.7530487775802612,
      0.7514227628707886,
      0.7589430809020996,
      0.7565040588378906,
      0.7587398290634155,
      0.7577235698699951,
      0.7585365772247314,
      0.7619918584823608,
      0.7636178731918335,
      0.7660568952560425,
      0.7634146213531494
    ],
    "val_accuracy": [
      0.3209756016731262,
      0.32878050208091736,
      0.3351219594478607,
      0.3390243947505951,
      0.3990243971347809,
      0.4843902587890625,
      0.5658536553382874,
      0.6278048753738403,
      0.6868292689323425,
      0.7014634013175964,
      0.7185365557670593,
      0.7263414859771729,
      0.7297561168670654,
      0.7234146595001221,
      0.7273170948028564,
      0.7409756183624268,
      0.740487813949585,
      0.7400000095367432,
      0.735609769821167,
      0.7400000095367432,
      0.7365853786468506,
      0.7409756183624268,
      0.7458536624908447,
      0.7414634227752686,
      0.7512195110321045,
      0.7458536624908447,
      0.7521951198577881,
      0.7414634227752686,
      0.7385365962982178,
      0.7375609874725342,
      0.7575609683990479,
      0.7409756183624268,
      0.7443902492523193,
      0.7521951198577881,
      0.7546341419219971,
      0.7439024448394775
    ]
  },
  "plots_path": "lstm_experiments/plots_20250730_141557.png"
}