{
  "timestamp": "20250730_151806",
  "parameters": {
    "experiment_name": "simple_robust_focal",
    "method": "simple_robust",
    "n_runs": 5,
    "seq_len": 30,
    "lstm1_units": 16,
    "lstm2_units": 8,
    "dropout_rate": 0.35,
    "learning_rate": 5e-05,
    "focal_alpha": 0.75,
    "focal_gamma": 2.0
  },
  "metrics": {
    "f1_score_mean": 0.663834159023108,
    "f1_score_std": 0.008092169744819539,
    "recall_mean": 0.7076023391812865,
    "recall_std": 0.09166354469979318,
    "precision_mean": 0.6455738597098613,
    "precision_std": 0.08794429141621345,
    "roc_auc_mean": 0.801032215326307,
    "roc_auc_std": 0.0057398070397816974,
    "total_false_negatives": 750,
    "miss_rate": 0.29239766081871343,
    "stability_cv_f1": 0.012190047220118799,
    "stability_cv_auc": 0.007165513358839807
  },
  "training_history": {
    "loss": [
      0.05
    ],
    "val_loss": [
      0.06
    ],
    "accuracy": [
      0.75
    ],
    "val_accuracy": [
      0.73
    ]
  },
  "plots_path": null
}