{
  "timestamp": "20250730_145058",
  "parameters": {
    "experiment_name": "20_focal_standard",
    "seq_len": 30,
    "lstm1_units": 16,
    "lstm2_units": 8,
    "dropout_rate": 0.35,
    "learning_rate": 5e-05,
    "epochs": 50,
    "batch_size": 32,
    "patience": 5,
    "class_weight_ratio": 1.0,
    "focal_alpha": 0.75,
    "focal_gamma": 2.0,
    "train_ratio": 0.6,
    "val_ratio": 0.25,
    "num_features": 8,
    "train_samples": 4920,
    "val_samples": 2050,
    "test_samples": 1231
  },
  "metrics": {
    "f1_score": 0.6689956331877729,
    "recall": 0.746588693957115,
    "precision": 0.6060126582278481,
    "roc_auc": 0.7999777375968551,
    "best_threshold": 0.5,
    "final_train_loss": 0.05056791752576828,
    "final_val_loss": 0.05092071369290352,
    "epochs_trained": 20,
    "focal_alpha": 0.75,
    "focal_gamma": 2.0
  },
  "training_history": {
    "loss": [
      0.07811327278614044,
      0.07551673799753189,
      0.07229085266590118,
      0.06995231658220291,
      0.06762751936912537,
      0.06456892937421799,
      0.061685044318437576,
      0.058982934802770615,
      0.057310838252305984,
      0.056066468358039856,
      0.05501922219991684,
      0.05427170544862747,
      0.05336036533117294,
      0.052773624658584595,
      0.05194680020213127,
      0.052075233310461044,
      0.051731329411268234,
      0.05103389173746109,
      0.0501851849257946,
      0.05056791752576828
    ],
    "val_loss": [
      0.07066226005554199,
      0.06907439976930618,
      0.06727959960699081,
      0.06509415805339813,
      0.06246054172515869,
      0.05953124538064003,
      0.05666260048747063,
      0.054316695779561996,
      0.052476707845926285,
      0.05188708007335663,
      0.05118868872523308,
      0.051312193274497986,
      0.05081216245889664,
      0.050530705600976944,
      0.05049006640911102,
      0.05105011165142059,
      0.05083993449807167,
      0.05118963122367859,
      0.05119754746556282,
      0.05092071369290352
    ],
    "accuracy": [
      0.44410568475723267,
      0.44410568475723267,
      0.4569105803966522,
      0.46544715762138367,
      0.4806910455226898,
      0.5300812721252441,
      0.5617886185646057,
      0.595325231552124,
      0.6215447187423706,
      0.6471544504165649,
      0.6686992049217224,
      0.670121967792511,
      0.6790650486946106,
      0.6898373961448669,
      0.6926829218864441,
      0.7026422619819641,
      0.7036585211753845,
      0.7077235579490662,
      0.7154471278190613,
      0.7176828980445862
    ],
    "val_accuracy": [
      0.3351219594478607,
      0.33170732855796814,
      0.33073171973228455,
      0.3365853726863861,
      0.3648780584335327,
      0.40097561478614807,
      0.4853658676147461,
      0.564390242099762,
      0.6370731592178345,
      0.6482926607131958,
      0.6751219630241394,
      0.6717073321342468,
      0.6902438998222351,
      0.7029268145561218,
      0.7102438807487488,
      0.6941463351249695,
      0.7029268145561218,
      0.6926829218864441,
      0.6960975527763367,
      0.7092682719230652
    ]
  },
  "plots_path": "lstm_experiments/plots_20250730_145056.png"
}