{
  "timestamp": "20250730_145220",
  "parameters": {
    "experiment_name": "20_focal_standard",
    "seq_len": 30,
    "lstm1_units": 16,
    "lstm2_units": 8,
    "dropout_rate": 0.35,
    "learning_rate": 5e-05,
    "epochs": 50,
    "batch_size": 32,
    "patience": 5,
    "class_weight_ratio": 1.0,
    "focal_alpha": 0.75,
    "focal_gamma": 2.0,
    "train_ratio": 0.6,
    "val_ratio": 0.25,
    "num_features": 8,
    "train_samples": 4920,
    "val_samples": 2050,
    "test_samples": 1231
  },
  "metrics": {
    "f1_score": 0.657243816254417,
    "recall": 0.543859649122807,
    "precision": 0.8303571428571429,
    "roc_auc": 0.7861750476469724,
    "best_threshold": 0.6,
    "final_train_loss": 0.049697525799274445,
    "final_val_loss": 0.05084889382123947,
    "epochs_trained": 38,
    "focal_alpha": 0.75,
    "focal_gamma": 2.0
  },
  "training_history": {
    "loss": [
      0.0762975737452507,
      0.07454565167427063,
      0.07279340922832489,
      0.07123615592718124,
      0.07002698630094528,
      0.06768547743558884,
      0.06577813625335693,
      0.0633983165025711,
      0.062345605343580246,
      0.06119586527347565,
      0.060353074222803116,
      0.05936012417078018,
      0.05909453704953194,
      0.0579802580177784,
      0.057847410440444946,
      0.05760790780186653,
      0.05677955597639084,
      0.05671754479408264,
      0.05596132203936577,
      0.05527171865105629,
      0.05458421632647514,
      0.05454247444868088,
      0.05399852246046066,
      0.053463876247406006,
      0.05279166251420975,
      0.05308594927191734,
      0.052208513021469116,
      0.05214923247694969,
      0.05191631615161896,
      0.051831599324941635,
      0.05119722709059715,
      0.05079544708132744,
      0.050705600529909134,
      0.050815433263778687,
      0.05015937611460686,
      0.05011703446507454,
      0.050008442252874374,
      0.049697525799274445
    ],
    "val_loss": [
      0.07113856077194214,
      0.07053156197071075,
      0.06982804089784622,
      0.06885552406311035,
      0.06715311855077744,
      0.06488478928804398,
      0.062220871448516846,
      0.06033114716410637,
      0.05897718295454979,
      0.057620782405138016,
      0.05669789016246796,
      0.05612770840525627,
      0.05521954223513603,
      0.054624367505311966,
      0.05372833088040352,
      0.053252387791872025,
      0.05295141413807869,
      0.05265083909034729,
      0.05225594341754913,
      0.05229244753718376,
      0.05195425823330879,
      0.051794860512018204,
      0.051394425332546234,
      0.05124029144644737,
      0.05106114223599434,
      0.05146235227584839,
      0.05086871236562729,
      0.05088164657354355,
      0.05079546570777893,
      0.05043386295437813,
      0.05062052607536316,
      0.050663240253925323,
      0.050224222242832184,
      0.05062026157975197,
      0.05048674717545509,
      0.0503973513841629,
      0.050422027707099915,
      0.05084889382123947
    ],
    "accuracy": [
      0.4166666567325592,
      0.4119918644428253,
      0.413617879152298,
      0.42398375272750854,
      0.4479674696922302,
      0.48495936393737793,
      0.5345528721809387,
      0.5729674696922302,
      0.5975610017776489,
      0.6136178970336914,
      0.6276422739028931,
      0.6341463327407837,
      0.6416666507720947,
      0.6581301093101501,
      0.6595528721809387,
      0.6682927012443542,
      0.6670731902122498,
      0.6691057085990906,
      0.6735772490501404,
      0.6855691075325012,
      0.6888211369514465,
      0.6902438998222351,
      0.6947154402732849,
      0.7040650248527527,
      0.7032520174980164,
      0.7105690836906433,
      0.7191057205200195,
      0.7136178612709045,
      0.7211382389068604,
      0.7150406241416931,
      0.7268292903900146,
      0.7231707572937012,
      0.7260162830352783,
      0.7245935201644897,
      0.7294715642929077,
      0.7290650606155396,
      0.7353658676147461,
      0.7361788749694824
    ],
    "val_accuracy": [
      0.3351219594478607,
      0.3351219594478607,
      0.3351219594478607,
      0.3502438962459564,
      0.3795121908187866,
      0.43170732259750366,
      0.49024391174316406,
      0.5273170471191406,
      0.5414634346961975,
      0.5609756112098694,
      0.5770731568336487,
      0.5756097435951233,
      0.5980488061904907,
      0.609268307685852,
      0.6292682886123657,
      0.6360975503921509,
      0.6409755945205688,
      0.6463414430618286,
      0.6575610041618347,
      0.6517072916030884,
      0.6604878306388855,
      0.6634146571159363,
      0.676097571849823,
      0.680975615978241,
      0.6921951174736023,
      0.6780487895011902,
      0.6946341395378113,
      0.6931707262992859,
      0.6970731616020203,
      0.7043902277946472,
      0.7019512057304382,
      0.699999988079071,
      0.7170731425285339,
      0.7063414454460144,
      0.7092682719230652,
      0.7141463160514832,
      0.712195098400116,
      0.704878032207489
    ]
  },
  "plots_path": "lstm_experiments/plots_20250730_145219.png"
}