{
  "timestamp": "20250730_141627",
  "parameters": {
    "experiment_name": "19",
    "seq_len": 30,
    "lstm1_units": 16,
    "lstm2_units": 8,
    "dropout_rate": 0.35,
    "learning_rate": 5e-05,
    "epochs": 50,
    "batch_size": 32,
    "patience": 5,
    "class_weight_ratio": 2.2,
    "train_ratio": 0.6,
    "val_ratio": 0.25,
    "num_features": 8,
    "train_samples": 4920,
    "val_samples": 2050,
    "test_samples": 1231
  },
  "metrics": {
    "f1_score": 0,
    "recall": 0,
    "precision": 0,
    "roc_auc": 0.5291175943572952,
    "best_threshold": 0.5,
    "final_train_loss": 0.9374401569366455,
    "final_val_loss": 0.7122268676757812,
    "epochs_trained": 6
  },
  "training_history": {
    "loss": [
      1.0532667636871338,
      1.0298799276351929,
      1.009676218032837,
      0.9868178963661194,
      0.9658958315849304,
      0.9374401569366455
    ],
    "val_loss": [
      0.6824884414672852,
      0.6965512633323669,
      0.7110044360160828,
      0.7255221605300903,
      0.7243437767028809,
      0.7122268676757812
    ],
    "accuracy": [
      0.5441057085990906,
      0.5510162711143494,
      0.512398362159729,
      0.4695121943950653,
      0.4709349572658539,
      0.505081295967102
    ],
    "val_accuracy": [
      0.6663414835929871,
      0.40341463685035706,
      0.35853657126426697,
      0.3668292760848999,
      0.3936585485935211,
      0.43170732259750366
    ]
  },
  "plots_path": "lstm_experiments/plots_20250730_141626.png"
}