{
  "timestamp": "20250730_153934",
  "parameters": {
    "experiment_name": "stabilized_learning",
    "method": "robust_anomaly",
    "n_runs": 5,
    "seq_len": 8,
    "lstm1_units": 48,
    "lstm2_units": 24,
    "dropout_rate": 0.4,
    "learning_rate": 0.0001,
    "focal_alpha": 0.8,
    "focal_gamma": 2.5,
    "break_temporal_pattern": true,
    "add_noise": true,
    "batch_size": 128
  },
  "metrics": {
    "f1_score_mean": 0.6533117596073035,
    "f1_score_std": 0.11300979685397157,
    "recall_mean": 0.6869920819166492,
    "recall_std": 0.11565512893535594,
    "precision_mean": 0.6705112686444992,
    "precision_std": 0.1975686242252188,
    "roc_auc_mean": 0.7581281471305105,
    "roc_auc_std": 0.12193107292349643,
    "total_false_negatives": 731,
    "miss_rate": 0.31079931972789115,
    "stability_cv_f1": 0.1729798908286913,
    "stability_cv_auc": 0.16083174511459764
  },
  "training_history": {
    "loss": [
      0.05
    ],
    "val_loss": [
      0.06
    ],
    "accuracy": [
      0.75
    ],
    "val_accuracy": [
      0.73
    ]
  },
  "plots_path": null
}